[
  {
    "id": "64c9b50f452c1b1d4f234f02",
    "title": "فروش مغازه در مرکز شهر",
    "description": "مغازه 30 متری با موقعیت عالی برای کسب و کار",
    "location": "میدان انقلاب",
    "phone": "09129876543",
    "realState": "املاک کاوه",
    "price": 150000,
    "constructionDate": "1970-01-01 00:00:00.000",
    "category": "LONG_TERM_RENT",
    "tag": "VILLA",
    "amenities": "آب-برق-گاز",
    "rules": "بدون تغییر کاربری",
    "province": "تهران",
    "city": "تهران",
    "userId": "64c9b50f452c1b1d4f234e90",
    "published": 1,
    "imagePath": "/images/store1.jpg",
    "createdAt": "2024-08-24 17:55:18.256",
    "updatedAt": "2024-08-24 17:54:10.816"
  },
  {
    "id": "64c9b50f452c1b1d4f234f03",
    "title": "اجاره دفتر اداری",
    "description": "دفتر کار 80 متری مناسب برای شرکت‌های کوچک",
    "location": "خیابان سهروردی",
    "phone": "09121234567",
    "realState": "املاک دیبا",
    "price": 120000,
    "constructionDate": "1970-01-01 00:00:00.000",
    "category": "SALE",
    "tag": "RESIDENTIAL_APARTMENT",
    "amenities": "اینترنت پرسرعت-پارکینگ",
    "rules": "ساعت کاری مشخص",
    "province": "تهران",
    "city": "تهران",
    "userId": "64c9b50f452c1b1d4f234e91",
    "published": 0,
    "imagePath": "/images/office1.jpg",
    "createdAt": "2024-08-24 17:55:18.256",
    "updatedAt": "2024-08-24 17:54:10.816"
  },
  {
    "id": "64c9b50f452c1b1d4f234f04",
    "title": "فروش آپارتمان نوساز",
    "description": "آپارتمان 150 متری با امکانات مدرن",
    "location": "خیابان سعادت آباد",
    "phone": "09124567890",
    "realState": "املاک شایان",
    "price": 700000,
    "constructionDate": "1970-01-01 00:00:00.000",
    "category": "MORTGAGE_AND_RENT",
    "tag": "RESIDENTIAL_APARTMENT",
    "amenities": "باشگاه-استخر-پارکینگ",
    "rules": "مناسب برای خانواده‌ها",
    "province": "تهران",
    "city": "تهران",
    "userId": "64c9b50f452c1b1d4f234e92",
    "published": 1,
    "imagePath": "/images/apartment2.jpg",
    "createdAt": "2024-08-24 17:55:18.256",
    "updatedAt": "2024-08-24 17:54:10.816"
  },
  {
    "id": "64c9b50f452c1b1d4f234f05",
    "title": "فروش ویلا با باغ بزرگ",
    "description": "ویلا 300 متری با باغ و استخر",
    "location": "منطقه لواسان",
    "phone": "09127678901",
    "realState": "املاک آفتاب",
    "price": 1500000,
    "constructionDate": "1970-01-01 00:00:00.000",
    "category": "PARTNERSHIP",
    "tag": "OFFICE",
    "amenities": "باغ-استخر-سونا",
    "rules": "بدون اجاره به مجردها",
    "province": "تهران",
    "city": "تهران",
    "userId": "64c9b50f452c1b1d4f234e93",
    "published": 1,
    "imagePath": "/images/villa2.jpg",
    "createdAt": "2024-08-24 17:55:18.256",
    "updatedAt": "2024-08-24 17:54:10.816"
  },
  {
    "id": "64c9b50f452c1b1d4f234f06",
    "title": "اجاره مغازه تجاری",
    "description": "مغازه 40 متری در بازار تهران",
    "location": "بازار بزرگ تهران",
    "phone": "09123450987",
    "realState": "املاک آراد",
    "price": 80000,
    "constructionDate": "1970-01-01 00:00:00.000",
    "category": "LONG_TERM_RENT",
    "tag": "OFFICE",
    "amenities": "برق-آب-گاز",
    "rules": "بدون فروش کالاهای غیرمجاز",
    "province": "تهران",
    "city": "تهران",
    "userId": "64c9b50f452c1b1d4f234e94",
    "published": 0,
    "imagePath": "/images/store2.jpg",
    "createdAt": "2024-08-24 17:55:18.256",
    "updatedAt": "2024-08-24 17:54:10.816"
  },
  {
    "id": "64c9b50f452c1b1d4f234f07",
    "title": "فروش دفتر کار لوکس",
    "description": "دفتر 100 متری با طراحی مدرن",
    "location": "خیابان ملاصدرا",
    "phone": "09127894561",
    "realState": "املاک پایتخت",
    "price": 180000,
    "constructionDate": "1970-01-01 00:00:00.000",
    "category": "SALE",
    "tag": "SHOP_AND_BOOTH",
    "amenities": "اینترنت فیبر نوری-آسانسور",
    "rules": "بدون تغییر دکوراسیون",
    "province": "تهران",
    "city": "تهران",
    "userId": "64c9b50f452c1b1d4f234e95",
    "published": 1,
    "imagePath": "/images/office2.jpg",
    "createdAt": "2024-08-24 17:55:18.256",
    "updatedAt": "2024-08-24 17:54:10.816"
  },
  {
    "id": "64c9b50f452c1b1d4f234f08",
    "title": "اجاره آپارتمان مبله",
    "description": "آپارتمان 70 متری با وسایل کامل",
    "location": "خیابان مطهری",
    "phone": "09125556789",
    "realState": "املاک اندیشه",
    "price": 60000,
    "constructionDate": "1970-01-01 00:00:00.000",
    "category": "MORTGAGE_AND_RENT",
    "tag": "SHOP_AND_BOOTH",
    "amenities": "مبلمان-ماشین لباسشویی-تلویزیون",
    "rules": "غیر سیگاری",
    "province": "تهران",
    "city": "تهران",
    "userId": "64c9b50f452c1b1d4f234e96",
    "published": 0,
    "imagePath": "/images/apartment3.jpg",
    "createdAt": "2024-08-24 17:55:18.256",
    "updatedAt": "2024-08-24 17:54:10.816"
  },
  {
    "id": "64c9b50f452c1b1d4f234f09",
    "title": "فروش مغازه با درآمد بالا",
    "description": "مغازه 50 متری با موقعیت تجاری عالی",
    "location": "خیابان جمهوری",
    "phone": "09129987654",
    "realState": "املاک نور",
    "price": 220000,
    "constructionDate": "1970-01-01 00:00:00.000",
    "category": "LONG_TERM_RENT",
    "tag": "BEACH_VILLA",
    "amenities": "دوربین مداربسته-سیستم امنیتی",
    "rules": "بدون تغییرات ساختاری",
    "province": "تهران",
    "city": "تهران",
    "userId": "64c9b50f452c1b1d4f234e97",
    "published": 1,
    "imagePath": "/images/store3.jpg",
    "createdAt": "2024-08-24 17:55:18.256",
    "updatedAt": "2024-08-24 17:54:10.816"
  },
  {
    "id": "64c9b50f452c1b1d4f234f0a",
    "title": "فروش ویلا در منطقه فرحزاد",
    "description": "ویلا 250 متری با فضای سبز و دید کوهستانی",
    "location": "منطقه فرحزاد",
    "phone": "09127894532",
    "realState": "املاک مهر",
    "price": 1400000,
    "constructionDate": "1970-01-01 00:00:00.000",
    "category": "PARTNERSHIP",
    "tag": "BEACH_VILLA",
    "amenities": "فضای سبز-استخر-پارکینگ",
    "rules": "بدون تغییر دکوراسیون",
    "province": "تهران",
    "city": "تهران",
    "userId": "64c9b50f452c1b1d4f234e98",
    "published": 1,
    "imagePath": "/images/villa3.jpg",
    "createdAt": "2024-08-24 17:55:18.256",
    "updatedAt": "2024-08-24 17:54:10.816"
  },
  {
    "id": "64c9b50f452c1b1d4f234f0b",
    "title": "اجاره آپارتمان در مرکز شهر",
    "description": "آپارتمان 90 متری در مرکز شهر با دسترسی آسان",
    "location": "خیابان انقلاب",
    "phone": "09121112233",
    "realState": "املاک آسمان",
    "price": 85000,
    "constructionDate": "1970-01-01 00:00:00.000",
    "category": "MORTGAGE_AND_RENT",
    "tag": "TOURISM",
    "amenities": "پارکینگ-آسانسور-دسترسی به مترو",
    "rules": "غیر سیگاری",
    "province": "تهران",
    "city": "تهران",
    "userId": "64c9b50f452c1b1d4f234e99",
    "published": 0,
    "imagePath": "/images/apartment4.jpg",
    "createdAt": "2024-08-24 17:55:18.256",
    "updatedAt": "2024-08-24 17:54:10.816"
  },
  {
    "id": "64c9b50f452c1b1d4f234f0c",
    "title": "فروش دفتر اداری نوساز",
    "description": "دفتر کار 120 متری با امکانات مدرن",
    "location": "خیابان ونک",
    "phone": "09122233445",
    "realState": "املاک بهار",
    "price": 200000,
    "constructionDate": "1970-01-01 00:00:00.000",
    "category": "SALE",
    "tag": "TOURISM",
    "amenities": "اینترنت پرسرعت-پارکینگ",
    "rules": "بدون تغییر دکوراسیون",
    "province": "تهران",
    "city": "تهران",
    "userId": "64c9b50f452c1b1d4f234e100",
    "published": 1,
    "imagePath": "/images/office3.jpg",
    "createdAt": "2024-08-24 17:55:18.256",
    "updatedAt": "2024-08-24 17:54:10.816"
  },
  {
    "id": "64c9b50f452c1b1d4f234f0d",
    "title": "اجاره ویلا با دید دریاچه",
    "description": "ویلا 200 متری با دید عالی و آرامش‌بخش",
    "location": "منطقه چیتگر",
    "phone": "09126677889",
    "realState": "املاک کیان",
    "price": 100000,
    "constructionDate": "1970-01-01 00:00:00.000",
    "category": "PARTNERSHIP",
    "tag": "APARTMENT_AND_SUITE",
    "amenities": "دید دریاچه-حیاط-باربیکیو",
    "rules": "بدون مهمانی",
    "province": "تهران",
    "city": "تهران",
    "userId": "64c9b50f452c1b1d4f234e101",
    "published": 0,
    "imagePath": "/images/villa4.jpg",
    "createdAt": "2024-08-24 17:55:18.256",
    "updatedAt": "2024-08-24 17:54:10.816"
  },
  {
    "id": "64c9b50f452c1b1d4f234f0e",
    "title": "فروش مغازه در پاساژ",
    "description": "مغازه 20 متری با مشتری ثابت",
    "location": "خیابان تجریش",
    "phone": "09121234598",
    "realState": "املاک نامی",
    "price": 100000,
    "constructionDate": "1970-01-01 00:00:00.000",
    "category": "LONG_TERM_RENT",
    "tag": "APARTMENT_AND_SUITE",
    "amenities": "سیستم تهویه-دوربین مداربسته",
    "rules": "بدون تغییر دکوراسیون",
    "province": "تهران",
    "city": "تهران",
    "userId": "64c9b50f452c1b1d4f234e102",
    "published": 1,
    "imagePath": "/images/store4.jpg",
    "createdAt": "2024-08-24 17:55:18.256",
    "updatedAt": "2024-08-24 17:54:10.816"
  },
  {
    "id": "64c9b50f452c1b1d4f234f0f",
    "title": "فروش آپارتمان لوکس در سعادت آباد",
    "description": "آپارتمان 200 متری با دید عالی و امکانات لوکس",
    "location": "خیابان سعادت آباد",
    "phone": "09121114455",
    "realState": "املاک تهران",
    "price": 900000,
    "constructionDate": "1970-01-01 00:00:00.000",
    "category": "MORTGAGE_AND_RENT",
    "tag": "APARTMENT_AND_SUITE",
    "amenities": "استخر-سونا-باشگاه",
    "rules": "بدون حیوان خانگی",
    "province": "تهران",
    "city": "تهران",
    "userId": "64c9b50f452c1b1d4f234e103",
    "published": 1,
    "imagePath": "/images/apartment5.jpg",
    "createdAt": "2024-08-24 17:55:18.256",
    "updatedAt": "2024-08-24 17:54:10.816"
  },
  {
    "id": "64c9b50f452c1b1d4f234f10",
    "title": "اجاره ویلا در لواسان",
    "description": "ویلا 150 متری با منظره زیبا",
    "location": "منطقه لواسان",
    "phone": "09126654321",
    "realState": "املاک سپهر",
    "price": 120000,
    "constructionDate": "1970-01-01 00:00:00.000",
    "category": "PARTNERSHIP",
    "tag": "APARTMENT_AND_SUITE",
    "amenities": "حیاط-باربیکیو-باغچه",
    "rules": "بدون اجاره به مجردها",
    "province": "تهران",
    "city": "ابعلی",
    "userId": "64c9b50f452c1b1d4f234e104",
    "published": 0,
    "imagePath": "/images/villa5.jpg",
    "createdAt": "2024-08-24 17:55:18.256",
    "updatedAt": "2024-08-24 17:54:10.816"
  },
  {
    "id": "64c9b50f452c1b1d4f234f11",
    "title": "فروش مغازه در بازار مبل",
    "description": "مغازه 60 متری با موقعیت تجاری عالی",
    "location": "بازار مبل تهران",
    "phone": "09124567891",
    "realState": "املاک سرای",
    "price": 300000,
    "constructionDate": "1970-01-01 00:00:00.000",
    "category": "LONG_TERM_RENT",
    "tag": "APARTMENT_AND_SUITE",
    "amenities": "سیستم امنیتی-برق سه فاز",
    "rules": "بدون تغییر کاربری",
    "province": "تهران",
    "city": "ابعلی",
    "userId": "64c9b50f452c1b1d4f234e105",
    "published": 1,
    "imagePath": "/images/store5.jpg",
    "createdAt": "2024-08-24 17:55:18.256",
    "updatedAt": "2024-08-24 17:54:10.816"
  },
  {
    "id": "64c9b50f452c1b1d4f234f12",
    "title": "اجاره دفتر در خیابان گاندی",
    "description": "دفتر کار 70 متری مناسب برای استارتاپ‌ها",
    "location": "خیابان گاندی",
    "phone": "09127778900",
    "realState": "املاک مهتاب",
    "price": 100000,
    "constructionDate": "1970-01-01 00:00:00.000",
    "category": "SALE",
    "tag": "APARTMENT_AND_SUITE",
    "amenities": "اینترنت پرسرعت-آسانسور",
    "rules": "بدون تغییر دکوراسیون",
    "province": "تهران",
    "city": "ابعلی",
    "userId": "64c9b50f452c1b1d4f234e106",
    "published": 0,
    "imagePath": "/images/office4.jpg",
    "createdAt": "2024-08-24 17:55:18.256",
    "updatedAt": "2024-08-24 17:54:10.816"
  },
  {
    "id": "64c9b50f452c1b1d4f234f13",
    "title": "فروش آپارتمان دوبلکس",
    "description": "آپارتمان 180 متری دوبلکس با امکانات لوکس",
    "location": "خیابان ولنجک",
    "phone": "09125543210",
    "realState": "املاک سپنتا",
    "price": 850000,
    "constructionDate": "1970-01-01 00:00:00.000",
    "category": "MORTGAGE_AND_RENT",
    "tag": "APARTMENT_AND_SUITE",
    "amenities": "استخر-سونا-باشگاه",
    "rules": "بدون حیوان خانگی",
    "province": "تهران",
    "city": "ری",
    "userId": "64c9b50f452c1b1d4f234e107",
    "published": 1,
    "imagePath": "/images/apartment6.jpg",
    "createdAt": "2024-08-24 17:55:18.256",
    "updatedAt": "2024-08-24 17:54:10.816"
  },
  {
    "id": "64c9b50f452c1b1d4f234f14",
    "title": "اجاره ویلا در دربند",
    "description": "ویلا 100 متری با فضای سبز و آرام",
    "location": "منطقه دربند",
    "phone": "09127778899",
    "realState": "املاک نگین",
    "price": 90000,
    "constructionDate": "1970-01-01 00:00:00.000",
    "category": "PARTNERSHIP",
    "tag": "APARTMENT_AND_SUITE",
    "amenities": "حیاط-باربیکیو-پارکینگ",
    "rules": "بدون اجاره به مجردها",
    "province": "تهران",
    "city": "ری",
    "userId": "64c9b50f452c1b1d4f234e108",
    "published": 0,
    "imagePath": "/images/villa6.jpg",
    "createdAt": "2024-08-24 17:55:18.256",
    "updatedAt": "2024-08-24 17:54:10.816"
  },
  {
    "id": "64c9b50f452c1b1d4f234f15",
    "title": "فروش مغازه با موقعیت عالی",
    "description": "مغازه 25 متری در مرکز خرید معروف",
    "location": "خیابان شریعتی",
    "phone": "09125566544",
    "realState": "املاک پارسا",
    "price": 150000,
    "constructionDate": "1970-01-01 00:00:00.000",
    "category": "LONG_TERM_RENT",
    "tag": "APARTMENT_AND_SUITE",
    "amenities": "دوربین مداربسته-سیستم امنیتی",
    "rules": "بدون تغییر کاربری",
    "province": "تهران",
    "city": "ری",
    "userId": "64c9b50f452c1b1d4f234e109",
    "published": 1,
    "imagePath": "/images/store6.jpg",
    "createdAt": "2024-08-24 17:55:18.256",
    "updatedAt": "2024-08-24 17:54:10.816"
  }
]